{
    "0": {
        "fx": 425.4889026887061,
        "fy": 430.7943259159451,
        "cx": 430.4445264563152,
        "cy": 279.6149582222223,
        "k1": -0.017834211608219898,
        "k2": 0.005403410066533064,
        "p1": 0.033492570209349249,
        "p2": 0.008484298775342479,
        "k3": 0.02427427278781856,
        "rvec": [
            0.3339608481083653,
            2.73733697787857,
            -1.4295522094717098
        ],
        "tvec": [
            -63.6558868224938,
            57.78005258207216,
            1019.4000235204009
        ]
    },
    "1": {
        "fx": 920.5882449135304,
        "fy": 922.9671207206044,
        "cx": 664.2547493280788,
        "cy": 359.3033924631026,
        "k1": 0.10949313125908664,
        "k2": -0.3691834266682791,
        "p1": -0.007985373238131985,
        "p2": 0.009671918327917357,
        "k3": 0.36060021848923026,
        "rvec": [
            0.3998603909882153,
            -1.571752175209593,
            2.266304018739342
        ],
        "tvec": [
            28.463507287761578,
            466.01888055962106,
            772.3077499696619
        ]
    },
    "2": {
        "fx": 901.6286946319208,
        "fy": 900.5384861146004,
        "cx": 632.3360368605623,
        "cy": 353.5794221877388,
        "k1": 0.0988810860588458,
        "k2": -0.2886524253540369,
        "p1": -0.0007560654567914621,
        "p2": -0.005149735798972158,
        "k3": 0.11540797367253128,
        "rvec": [
            -1.5821269035913038,
            1.4287842813432992,
            0.9203330380017628
        ],
        "tvec": [
            311.963498709201,
            -413.41088659911306,
            824.6847500242548
        ]
    },
    "3": {
        "fx": 901.8885047113153,
        "fy": 907.4758835970044,
        "cx": 649.7821072699795,
        "cy": 379.93008445382147,
        "k1": 0.128781552125583,
        "k2": -0.3968701471681504,
        "p1": 0.004728872337834391,
        "p2": 0.005799386892824825,
        "k3": 0.29647426142278729,
        "rvec": [
            -1.4700092429036798,
            -1.5512995597178985,
            -0.9267420062180765
        ],
        "tvec": [
            -208.5969029386052,
            -369.0125110114988,
            990.615343282627
        ]
    },
    "4": {
        "fx": 909.1946037452816,
        "fy": 913.6864308732536,
        "cx": 657.841309864635,
        "cy": 358.90659748582677,
        "k1": 0.13283197196781616,
        "k2": -0.35765776438454868,
        "p1": -0.0006093531787851534,
        "p2": 0.003746312876962083,
        "k3": 0.2827642554918303,
        "rvec": [
            -0.23484913760012625,
            -2.46780121656082,
            -1.661966746542334
        ],
        "tvec": [
            -138.1498702245617,
            -472.00877729737297,
            668.7563243373041
        ]
    },
    "5": {
        "fx": 899.4202884553173,
        "fy": 905.9969534747104,
        "cx": 635.8605655023559,
        "cy": 379.37653616924066,
        "k1": 0.08216436023865932,
        "k2": -0.19405063082843769,
        "p1": 0.006919453016461003,
        "p2": -0.00534977774415694,
        "k3": 0.05731989801874992,
        "rvec": [
            -0.6990087245183299,
            1.312599932632898,
            1.972451635573819
        ],
        "tvec": [
            80.96207563377988,
            -268.914753384629,
            247.4740502795084
        ]
    },
    "6": {
        "fx": 892.6024463954534,
        "fy": 899.177586621892,
        "cx": 649.8319922626364,
        "cy": 356.49367989169709,
        "k1": 0.16714735602945944,
        "k2": -0.4771923380078388,
        "p1": -0.003683270697268902,
        "p2": -0.0013661580659326009,
        "k3": 0.4116000298344172,
        "rvec": [
            1.1956360011266985,
            -0.8046481818138456,
            0.9773272447357736
        ],
        "tvec": [
            343.5317616381494,
            453.786406425884,
            471.911604262254
        ]
    }
}